users,App,Comments,,,,
Fang Wang,Snapchat,大牛哥跟整個團隊風趣又幽默，影片會一直看下去太好笑了啦！,,,,
蘇昱清,Line,這節目太有趣了 看在地風情文化 另外是看大家互相挖洞給對方跳 哈哈哈,,,,
李James,Tencent QQ,羅大哥的北爛侄子好比木曜的陳百祥！ 節目的靈魂啊 跟羅大哥配合的天衣無縫 什麼時候該接話 吐槽 時間恰到好處！ 厲害,,,,
王俊仁,Blackberry Messenger,大牛真的是冷面笑匠，旁邊的工作人員也是笑話大王，加上來賓的幹話，真的好笑，。,,,,
Tzu yu Lin,Messenger,非常有娛樂效果的節目！後製效果也很十足，已經不是一般性的yt影片了一看就停不下來，羅大哥很會聊耶,,,,
W Wang,Viber,有夠好笑，很適合配飯看XDD還有那個魔性笑聲真的很洗腦~希望之後可以多出外景:) #國民姑丈 #多一點時間陪伴家人 #我是牛粉我驕傲,,,,
吳小川,WeChat,有人覺得旁白笑聲很魔性嗎哈哈看一次就被吸引住了訂閱訂起來～大牛哥加油～,,,,
Clair Zheng,Microsoft Teams,看了好多集，笑到好開心！節目要持續拍下去喔！,,,,
甜蜜蜜,Slack,沒想到牛哥也會那麼幽默，哈哈。祝他的網路節目收視長紅，粉絲越來越多。。,,,,
習維尼,Tencent QQ,民眾比很多藝人更幽默,,,,
雯迪,Viber,你們的節目要一直做下去真的太好看,,,,
阿中老師,WhatsApp,每看一集 笑到肚子都要疼到隔天 必須支持大牛哥 拍更多好作品 祝早日百萬訂閱,,,,
RICHARD,Skype,大牛哥跟姪子真是絕配!!!! 希望節目一直做下去大紅大紫!是捧倒大紅大紫不是打到唷XD,,,,
Jax Wang,Telegram,不只羅大哥好好笑 愛開車，後製剪片也很厲害，各種特效 笑死！！,,,,
陳淨祥,Viber,我年輕人  但很愛羅大哥!!!!你太有趣了啦!!! 超級希望更多人看到你的頻道的!!!跟上潮流的藝人!!!  超屌的啦!!!!!!!#國民姑丈 #多一點時間陪伴家人 #我是牛粉我驕傲!!!,,,,
賴小庭,WhatsApp,每次看，每次笑齁。。。煩內拜託頻道一定要一直做下去不然疫情呆在家沒影片可以笑的那麼開心 ,,,,
楊阿宏,Discord,不務正業真的走到哪裡都能帶給人開心,,,,
林瑞發,Tencent QQ,原來大牛除了唱歌好聽人帥講話又很風趣幽默。,,,,
JC,Microsoft Teams,不忘初心，老闆和團隊一起加油~~,,,,
Willy YANG,Slack,沒牛鞭笑聲這影片就沒靈魂了 有時候影片也不能用太長 不然要連續笑10幾分鐘也是蠻痛苦的 哈哈哈哈#國民姑丈 #我是牛粉我驕傲 #多一點時間陪伴家人,,,,
치우한중,Telegram,大牛自然不做作，內容對話又超好笑！,,,,
Keira Cheng,WeChat,好好笑喔～有些人是硬擠出梗，羅大哥的喜感是骨子裡的，看完都心情很好,,,,
peggy li,WhatsApp,這是我唯二訂閱的頻道，第一是老高，第二就獻給大牛哥了，真的太好笑了，許願一下，希望冰塊哥也可以來做個特輯,,,,
SIN-TAO WU,Snapchat,第一次接觸大牛哥頻道就是這部片，現在再次回味，真沒想到這麼短的時間人數能衝那麼高,,,,
Amos Tine,Messenger,笑到肚子痛旁邊的笑聲效果滿分終於找到娛樂的 大牛哥請用力出片,,,,
Brian,Blackberry Messenger,每一集都看完了，真的宇宙無敵超級好笑,,,,
雨晴,Discord,羅大哥真的太好笑了xddd牛編也很好笑希望多多更新 訂閱數可以持續成長～～#國民姑丈#多一點時間陪伴家人#我是牛粉我驕傲,,,,
陳勤泓,Messenger,真的 比一些娛樂節目好笑超多 我每天看 很自在,,,,
yirain,Tencent QQ,真的太有魔性了，一集看完接著看⋯小編跟大牛哥加油～衝到百萬不是問題,,,,
kimo,Discord,羅時豐大哥，超乎我想像，太好笑了。後製也很厲害!,,,,
劉七星,Brosix,超棒的主角，一旁攝影跟幕後製片也超厲害！羅叔叔以前有這麼精壯的嗎！？,,,,
光哥,Telegram,大牛哥為人謙虛，對人和善，我會繼續支持,,,,
許小臻,Brosix,上星期一個不小心看了之後就一直追！媽呀！居然讓我追完了！可以一個星期出2集嗎？笑死我了！改天可以來台南果菜市場！好吃！好買的一堆！訂閱率應該就破百萬了！,,,,
陳勇廷,Messenger,小時候聽他的歌聲長大，現在再看到他感觸好多，也謝謝他再次帶給我們歡笑，加油喔！,,,,
Mandy Lee,Discord,一次看了好多集，笑到不行！ 請繼續拍更多的影片，讚。,,,,
波賽頓,Telegram,大牛哥真的太接地氣太有才了，這不訂閱不行,,,,
Joy S,Messenger,回看一年多前的影片，快笑死 特別是毛巾廠那一段，大家都很會配合,,,,
潘雅如,WhatsApp,很喜歡看小編寫的對聯 都很有趣 好好笑,,,,
own369,Telegram,太好笑了後製很厲害,,,,
勇者無懼,Microsoft Teams,太靠北了沒想到大牛哥走這型節目挺優（油）的,,,,
Wei-Chih Cheng,Telegram,不知道為什麼看到羅石豐大哥，很有親切感，可能從小看到大，真的很好笑，比很多年輕的YT，都好笑太多了，這頻道一定會火！ 製作團隊也很強,,,,
Lee KT,Skype,15 分鐘片長不算短，可是每次看都覺得時間過好快好好笑,,,,
hope lose,WeChat,期待牛哥跟鼠叔一起同台、台語一樣很溜、一樣很油、一定好笑,,,,
M.C. T,Microsoft Teams,為什麼可以這麼正經卻很好笑！一部一部默默追下去,,,,
張郡巖,Blackberry Messenger,大牛哥好笑這團隊更好笑呀！沒多久訂閱就衝10萬訂閱再來就是衝100萬呀,,,,
鄭雅涓,Tencent QQ,祝第二季收視長紅欸哈哈哈，從第一季追到現在的我厲害吧。也謝謝不務正業的各個幕後、牛編跟姪子（？？）一起用心製作喔也祝羅大哥永遠身體健康 #國民姑丈 #多一點時間陪伴家人 #我是牛粉我驕傲,,,,
yuemaple01,WeChat,在網路上看到羅時豐當youtuber一看就愛上了！只是有時候收音好像不是很好，音樂很大聲、人聲很小聲但這一集很剛好！而且超好笑！辛苦了、加油～！,,,,
李美雪,Discord,你們拍的影片都很好笑⋯⋯超喜歡你們魔性的笑聲...,,,,
pierce chien,Microsoft Teams,大牛哥的節目真的很好笑又好看,,,,
洪貴妹,WhatsApp,被西門町直率妹妹片段吸引～來看不務正ya~哈原來中（老？）年大牛哥這麼好笑～直接被姑丈圈粉～希望頻道可以一直繼續拍下去～裡面真的好笑又溫馨～某些片段都快哭了～真的很符合頻道宗旨好節目現在每天都在叫身邊的親朋好友～來收看+訂閱～祝福不務正ya團隊～早日成為百萬訂閱頻道️,,,,
Zora Hsu,WhatsApp,這種深入地方的拍攝，覺得比某些美食節目介紹美食，還要更親民的感覺，很喜歡，期待今天的第二集。By the way,羅時豐大哥的國語轉台語能力也太強XDD，不簡單,,,
Patrick Wu,Blackberry Messenger,大牛哥，永遠支持啦！！！最飛迅跟得上時代的資深藝人！！！#國民姑丈 #多一點時間陪伴家人 #我是牛粉我驕傲,,,,
陳世斌,Telegram,一口連看6-7集！！小哥大牛愛說笑 你說好笑不笑！！說小牛哥拍的是幹片，也不為過！今天這樣一看，力馬訂閱起來！！,,,,
葉永忠,Messenger,生活樂趣的來源期待更多的作品推出衝出百萬粉絲吧！,,,,
許潓鵑,Viber,下班看這個真的很舒壓，好好笑喔,,,,
cowbaby1108,WeChat,好好笑！很棒的頻道,,,,
張君誠,Microsoft Teams,好喜歡這個頻道，好真實 加油加油,,,,
黃阿惟,Viber,牛哥影片浪我真的放鬆的真心大笑  這診麼會是過氣藝人呢 秀場梗用都用不完,,,,
Cathy Wu,Blackberry Messenger,怎麼那麼好笑啦 真的不能錯過任何一支影片欸欸,,,,
Hsiu Huang,Microsoft Teams,一開始是在dcard 看到有人推薦結果一看整個愛上現在還會推薦給家人朋友看最酷姑丈下次可以來台南嗎,,,,
Fong,Microsoft Teams,笑死太好笑了，當地人的 對話很好笑，背後的笑聲也很好笑,,,,
Lorena Hsu,Kakaotalk,怎麼可以這麼好笑啦,,,,
蔡廷鍇,Discord,啃~好久沒笑這麼開心了,,,,
黑心肝,WhatsApp,大牛哥太有梗了，真的太有才了。,,,,
zz Zeun,Telegram,工作人員笑聲真的很催笑欸,,,,
郭芳慈,Discord,大牛哥的頻道真的很讚菱角那集看了好多次XDDD超愛希望大牛哥頻道能越來越多人看見支持大牛哥~~~ ,,,,
imdorameigg yip,Slack,太攪笑，每日追睇，成家笑到勁大聲好正,,,,
阿森,Microsoft Teams,這剪輯也太猛 都剪在笑點上,,,,
Cheng Kevin,WhatsApp,太好笑了，超棒的頻道,,,,
無出其宥,Slack,真的每一集都很好笑一定要繼續做下去啦,,,,
羅,Snapchat,拜託DL哥多拍一些影片，一定很快破百萬,,,,
豬皮,Tencent QQ,大牛哥，請繼續做不務正YA~~太好玩了！#國民姑丈,,,,
黃宗毅,Brosix,已開始期待下集「擠白」#國民姑丈#多一點時間陪伴家人,,,,
Tabasco Basco,Messenger,每一集都笑死 最喜歡這種為老不尊的了,,,,
ting wang,Slack,黃腔好煩可是好好笑,,,,
JC,Discord,實在太好笑了 很喜歡這樣的頻道,,,,
邱順傑,Viber,牛哥轉戰YT真是太有才了好笑，訂閱直持牛哥,,,,
俞,Snapchat,笑聲真的是很靠北又好笑,,,,
Dora,WhatsApp,第一次看到覺得太有趣了~看了心情好好。標語也好好笑,,,,
禮思列考培歐康尼勞斯,Microsoft Teams,好看，害拎北笑甲，哈哈哈，祝訂閱早日破百萬，加油,,,,
陳誠,Discord,好喜歡羅大哥影片每個都很好笑.祝羅大哥訂閱人數越來越多加油,,,,
Gaddy Lin,Slack,太晚發現這麼好笑的節目,,,,
葉小可,Snapchat,心情不好看羅時豐搞笑，心情整個人都好,,,,
Chao Lee,Messenger,那個笑聲真的很療癒，好看！太好笑了,,,,
加藤廚餘,Brosix,大牛哥被說服的反應好可愛  哈哈,,,,
翁昌,WhatsApp,笑翻了啦 如果在學個 阿輝伯 會更加分，話說……真的很欣賞大牛哥的 那首《真情》,,,,
鰲拜,WeChat,好久沒看到會笑出來的youtube節目,,,,
伍角,Discord,看你們頻道影片真的很好笑很開心,,,,
今晚打老虎,WeChat,我是虎尾科大畢業的 , 看到大牛哥介紹讓我想回去學校走走還是謝謝大牛哥到雲林介紹 , 那裏是個好地方啊大牛哥實在太好笑了 , 我快笑到翻了 讚讚讚,
Chen Ted,Microsoft Teams,很後悔沒有早點發現羅大哥的頻道 真的超級好看也很歡樂 加油羅大哥,,,,
邱育勝,Discord,不小心看到這頻道，幹，超自然的又好笑看了很多集！訂閱了啦！！！加油,,,,
嘎,Messenger,大牛哥真的轉型超成功XDDDDD,,,,
曾明明,Brosix,很棒的藝人，羅時豐，很多影片好分享，謝謝你，也與大家分享毫無疑問的好舞蹈，活力拉丁，昀珊單人舞蹈，最近舞曲，法拉利與superstar,,代表作，喜愛著迷記得按讚！按訂閱喔！謝謝大家，祝福微笑心眼臉,,
PimJiun Lin,Viber,魔性的笑聲很有趣，但是為什麼都比主角還大聲啦XDDD姑丈很容易被姪子說服大牛哥身材很好ㄟ！！就是臉太瘦,,,,
Chris Huang,Messenger,這節目講話實在有夠靠北的~~~ 我喜歡~~ 已訂閱  哈哈哈哈,,,,
どやんす。(DYS),Blackberry Messenger,91萬多觀看啊~~~恭喜~~~~ 希望這個影片能到100萬多觀看~~~ 然後2:14 笑死XDDDDD,,,,
Steven Wen,Line,太好笑了啦，整個影片都好歡樂#國民姑丈#多一點時間陪伴家人#我是牛粉我驕傲,,,,
wdr990,Discord,好好笑~大牛哥轉行當諧星算了,,,,
劉怡婷,Slack,太好笑了哈哈哈 每一集都很有趣,,,,
貪心鬼,Blackberry Messenger,我有喜歡超自然接地氣，想說什麼就說什麼的大牛哥,,,,
愛德蒙,Discord,樂包子那段太哭了吧  這頻道剪片師夠水準! 讚,,,,
Ronald,WhatsApp,看完要按讚，養成好習慣！幹話越看越好笑，無法自拔啊！,,,,
放洋,Kakaotalk,期待期待！沒想到上集居然整集在車上就結束了------一開始是從狗屎寫手過來的每一集都是笑點滿滿欸,,,,
秋月東風,Brosix,被笑聲撐起來，看了蠻舒壓的,,,,
樂樂,WhatsApp,害我笑到一直咳嗽,,,,
M Z,Kakaotalk,笑到不行，最愛看大牛哥被嗆,,,,
江明儒,Snapchat,超級直白不演真的超好笑,,,,
台北浪漫,Kakaotalk,我知道為什麼侄子拉著姑丈拍視頻原因是拉著一票朋友騙吃騙喝 姑丈買單  哈哈哈哈哈,,,,
John Wick,Discord,我知道有些姪子誇張的笑聲是為了掩飾尷尬的冷場,,,,
Chien Di Chen,Skype,很高興大牛哥來雲林玩,,,,
申奇蹟,Telegram,第一次看到大牛哥開YT這不務正YA 太好笑了一路與製作人對答還有商家民眾應對都太好笑值得訂閱按讚加分享,,,,
黃楷惟,Microsoft Teams,越來越好笑,,,,
,Blackberry Messenger,【粉絲福利】活動截止囉~~☆寫下：你想對【DL.不務正YA】說的話，☆標記 #國民姑丈 #多一點時間陪伴家人 #我是牛粉我驕傲就有機會可以抽中限量 貼「身」小禮物！！,,,,
捏麵人,Kakaotalk,太療癒了，馬上被圈粉,,,,
黃藥師,WeChat,大牛哥的主持功力跟笑點恰到好處這不紅沒道理。,,,,
OMGOMGOMG! My,Tencent QQ,黃NY講話真的屌，自然的效果！,,,,
Hsuan Yen,Blackberry Messenger,大牛哥太好笑哈哈~每個禮拜五都好期待DL.不務正YA~想趕快看下集的麻糬~哈哈#國民姑丈 #多一點時間陪伴家人 #我是牛粉我驕傲,,,,
��𝓊𝓃𝓉𝒾𝓃𝑔,Discord,快笑死 這頻道優質,,,,
甘納強,Telegram,每一集都好好笑 期待下一集,,,,
巴娜娜,Slack,靠北這個笑聲有夠好笑 不管哥講什麼都好笑,,,,
小美,Telegram,看到大牛好幽默，一路笑到尾，一部接一部,,,,
布萊恩,WhatsApp,射手的笑話明明就聽過很多次，從大牛哥嘴裡說出來還是好笑。,,,,
陳灰塵,Telegram,超好笑的 而且也想去雲林走走,,,,
鄭成功,Snapchat,這比起一些娛樂節目好看&好笑很多,,,,
Jia Hao Ye,Telegram,這個頻道應該要紅的啊 出片量高一點啦 哈哈哈,,,,
Knight Channel,Snapchat,大牛哥的反應還是很有趣～唯一缺點就是影片很短～,,,,
pei yu,WeChat,我又要再次哀號～～～天天再虎尾“造從”居然沒有巧遇大牛哥啊～果然最遙遠的距離，就是你在我旁邊，我卻不知道！真是像極了愛情,,,,
BreezeWei,Telegram,從以前電視上就覺得大牛哥其實人很風趣幽默 但是礙於電視上尺度的關係 這是第一次開始看大牛哥的頻道 已成鐵粉 真的沒想過你跟你侄子的配合像是天雷勾動地火 一發不可收拾 雖然你們目前的訂閱數不高 但是我相信保持這種勢頭跟風格 哪天上升到臺灣第一名 我也真的不會覺得意外 有一點點豬哥亮的風格 很敢講很敢開玩笑 很率真 ,,,,
葉臻的,Skype,這家包子真的好吃,,,,
淇.,Tencent QQ,真的是被歌壇耽誤的諧星欸,,,,
陳若愚,Viber,親民不做作，行走個鄉村，提供大家另類歡笑的頻道，#國民姑丈 #我是牛粉我驕傲 #多一點時間陪伴家人,,,,
水水紋紋,Messenger,牛哥牛哥牛哥！原來私底下跟上節目一樣好笑，一連追好多集,,,,
阿誠,Line,大牛哥真的太好笑了,,,,
捂疼油細,Kakaotalk,本來要分享給我老媽，看完發現好多黃腔...只好分享給同學,,,,
歐基福,Viber,大牛超風趣幽默,,,,
ᴹʳ.ˢʰᶤᶰ ⋆ ᴹʳ.ᴮᵉᶤ,Discord,第一次看就被旁邊笑聲所吸引，我決定要追光光。哈哈哈,,,,
klim Lin,Viber,看完很想去！廠商找對人了啦！喜歡大牛哥,,,,
林子衛,Blackberry Messenger,大牛哥可是餐飲業的扛霸子啊,,,,
董淑婷,WeChat,說實在這笑聲很療癒,,,,
AN H,WhatsApp,默默的把頻道內全部影片看完 大牛哥跟路人、店家嘴砲真的很靠北很久沒看到這種看完會大笑的影片了這頻道會火吧,,,,
HUANG YAOYAO,Blackberry Messenger,羅大哥跟姪子真的是絕配ㄟ～～太妙了,,,,
Ching-Yuan Huang,Telegram,看完狗屎寫手後就來訂閱了~喜歡大牛哥#國民姑丈 #多一點時間陪伴家人 #我是牛粉我驕傲,,,,
ndy a,Microsoft Teams,加油喔  羅大哥  我剛來看時  才幾千人  現在有三萬瞜  很棒   過不久絕對能十萬的,,,,
Una,Discord,笑到流淚又燒聲,,,,
干你屁事Mei,WhatsApp,這集也很好笑耶！！,,,,
august19830820,Telegram,大牛哥實在太幽默了！訂閱訂起來,,,,
芒果陳又寧,Slack,兩千多人時訂閱⋯⋯不知不覺30多萬了⋯⋯我覺得今年一定破百萬訂閱，姑丈加油啦,,,,
Knight Channel,Telegram,喜歡大牛哥影片各位來把讚↑點超過1000啦～～牛鞭說1000讚就來跟大牛哥要求開放福利，讓喜歡大牛哥影片又覺得很短的各位看不剪版看個夠啦～～！！還不趕快把讚按爆,,,,
羽愉,Slack,羅大哥很容易被說服哈哈哈哈,,,,
白也,Telegram,3:25 馬上被打臉大牛哥也太好笑#國民姑丈#多一點時間陪伴家人,,,,
RJ、莫忘初衷,Snapchat,這個頻道的經典就是那個笑聲,,,,
茹茹,Viber,最難持續堅持的 「莫忘初衷 」別被一點一滴的慾望給合理化了,,,,
劉小布,Messenger,哈哈哈哈哈一年（驚）我說包子店啦誰問你做多久～（憨厚）整個大笑笑死,,,,
資深少女Inuomi,Line,我愛DL.不務正YA!!好想聽大牛哥跟博恩唱練太壯!!!#國民姑丈 #多一點時間陪伴家人 #我是牛粉我驕傲     。,,,,
Muta,WeChat,看大牛介紹真的會想去耶,,,,
毛毛,Kakaotalk,雲林其實很多小景點也是不錯的但是缺點就是沒串接起來，比較適合有開車的虎尾 小吃 落雨松 毛巾工廠等北港 宮廟文化,,,,
Tsai子琪,Telegram,耕地藝術節的 背景音樂實在太牛了  舞台也是超讚,,,,
林琮淯,Messenger,好好笑哦～從頭笑到尾,,,,
吉老夫子 CHILAOFUZI,WeChat,大牛哥超可愛~姪子笑聲更可愛,,,,
Gary Lin,Slack,真的超好笑，改行當youtuber好了XDDDD,,,,
엽송정,Microsoft Teams,紓壓到爆炸 笑到爆！但真的超怕被黃標被黃標 以後就看不到這麼好笑的,,,,
陳玉佩,WhatsApp,魔性笑聲讚讚讚,,,,
茂祥沈,Skype,我也超喜歡，羅時豐大歌，唱歌好聽，又搞笑，不務正業好看,,,,
瑋彤,Messenger,後製太有才了,,,,
三把刷子,Skype,一個被唱歌耽誤的YouTuber幹太好笑了,,,,
Jeff,WhatsApp,看了幾集真的很好笑找些年輕受眾多的youtuber 合拍一下，訂閱一定衝很快,,,,
Sin Chen,Viber,頻道很用心，真的很有趣，有新片都會想趕快看#國民姑丈 #多一點時間陪伴家人 #我是牛粉我驕傲,,,,
蕭瑜馨,WhatsApp,看場地我真的快笑死了啦,,,,
JASON H,Tencent QQ,整片看完從頭笑到尾這不訂閱太對不起大牛哥了,,,,
kay wang,Tencent QQ,沒想到大牛哥這麼幽默..,,,,
h i,Brosix,超級好笑 ...噴淚,,,,
興,WeChat,沒看過這麼好笑的~讚啦,,,,
amilia huang,Snapchat,哈哈哈，真的要笑屬了，眼淚都流出來了,,,,
Tsai子琪,WeChat,雲林布袋戲館超值得逛  對面那一間誠品也很牛,,,,
陳泓志,Line,好可愛的大牛哥我笑翻了哈哈,,,,
柔柔,Microsoft Teams,後製太好笑了啦,,,,
Wu Mandy,Skype,意外好看耶～要不要考慮跟木曜合作打開知名度！！！！效果真的很棒耶～,,,,
劉維建,Kakaotalk,笑聲太大了啦！晚上看會太興奮啦。,,,,
劉孔,Brosix,讚喔！笑開懷。期待下一集,,,,
黃聖潔,Kakaotalk,包子店那邊問店員做幾年笑死我了XD,,,,
曾麥香,Slack,8:46笑到流淚，有夠古意,,,,
#飛到月球去,Brosix,有夠ㄎㄧㄤ的，噹來噹去的才好看,,,,
Lothar洛塔爾 Lee,Microsoft Teams,開頭我已經 笑到走了 靠背哈哈哈哈！！,,,,
Fred Chuang,Microsoft Teams,給我認真更新啦~~~蟹蟹DL給我愉快的周末!~,,,,
陳俞憲,Microsoft Teams,笑聲太魔性了吧,,,,
G Little,Skype,這集是閩南語教學,就喜歡台語,安妮娘也好,靠北靠母也好,台灣的母語大家不要遺忘了/我是雲林子弟
啊炮哦北造,Kakaotalk,太喜欢这个节目,,,,
吳伊森,Viber,三代皆識哥，便是大牛哥！訂閱破百萬！！我想要貼「身」小物，抽抽抽#國民姑丈  #多一點時間陪伴家人  #我是牛粉我驕傲,,,,
Free Sky,Messenger,秋很久 跟 阿捏涼 笑翻喜歡已到6666 ,,,,
Elviss,Tencent QQ,如果我沒有那個笑聲我會想把它看完,,,,
阿希爸,Slack,看完了三集真的想去雲林玩欸可以問一下你們去過哪些景點可以參考嗎？印象有第一集的黃俊雄飯店還有雲林大菜市ˋ,,,,
莫棠,Kakaotalk,真的每集出來都笑到爆，超多梗，這集長度我很滿意（影片時間）牛編跟牛哥的互動真的超好笑，由其是後面要住宿前的對話。整集看下來笑到不行。#國民姑丈,,,,
小詡詡,Line,這笑聲真的無敵了⋯⋯有機會來善化嗎？夠冷門了吧？,,,,
Yang KanA,Tencent QQ,為了那個背景雞歪的笑聲跟牛哥 我訂閱了,,,,
Duncan Feng,Viber,客家之光 真的太好笑,,,,
YL L,Brosix,謝謝大牛哥介紹我的家鄉  ,,,,
賴小宇,Telegram,超級好笑的，尤其是後製的部分。,,,,
Oct,Discord,迷之魔性笑声太爽鸟,,,,
毆ㄇㄧˋ馬,Kakaotalk,有沒有機會看大牛哥跟小哥費玉清一起上直播捏，好想看兩個人會碰出什麼火花。,,,,
子碩,Snapchat,太好笑了…跟拍攝的（姪子嗎？）像在唱雙簧就算了…笑聲還那麼搶戲 推推推,,,,
謝孟栩,Discord,旁邊的笑聲太魔性,,,,
秋月東風,Tencent QQ,原來是樂包子，真的挺好吃的,,,,
小綠人,Tencent QQ,這笑聲超越哈哈台,,,,
4B-kyle,Kakaotalk,每天都期待看,,,,
寒劍默聽奔雷,Kakaotalk,一直回來看，真的很好笑。哈哈,,,,
Edan_Holic,Discord,羅大哥黃腔真好笑~~~~~~~,,,,
Phoebe菲比,Slack,我想要大牛哥的海報～相信大牛哥可以把粉絲市場逐漸轉型成女生的大叔型偶像的！因為我就是其中一個牛粉！！！好想知道下次大牛哥去哪拍片，想去巧遇就可以拿CD跟海報了>///<#國民姑丈 #多一點時間陪伴家人 #我是牛粉我驕傲,,,,
五味雜陳,Skype,鄰居，已訂閱。幽默、好看,,,,
謝阿毛,Blackberry Messenger,幹，牛編的笑聲真的超魔性。,,,,
龜丟丟,Discord,怎麼跟大牛哥錄節目的人都很會幹話 XDDDDD,,,,
給幕後一道18Light,Line,18Light來挺一波！有笑有淚的好頻道必推！,,,,
劉羽恩,Tencent QQ,想看姑丈跟鳳梨叔叔一定很好看,,,,
丐眉頌,Slack,太好笑了，我阿公在天上都訂閱囉,,,,
吳青珮,Viber,大牛姑丈好像很容易讓小編說服的。,,,,
星曲,Line,這頻道也太歡樂了吧！,,,,
王光正,Slack,太好笑了,,,,
TONY THEREAL,Snapchat,太好笑啦～～～,,,,
barttzu,Skype,有啦，罐頭笑聲有少很多，後面聽得出來是現場笑的，牛鞭加油捏,,,,
阿隆東,Viber,唯一要看就是羅時豐，他是一代巨星非看不可，請大家快訂閱大牛影集太好看了，看一次就少一次。,,,,
張俊華,Skype,渴望2021年能爆紅 ~,,,,
廖田馨,Kakaotalk,安內娘? 快速念10次就變髒話了XDD好喜歡大牛哥!甚麼時候來台中拍片拉!,,,,
蕭永慶,Brosix,大家有發現嗎？，大牛哥訂閱，這兩天多了5000人！一直持續當中！超狂！,,,,
Juice Boo,WeChat,我超努力在追他笑死我,,,,
M Wong,Viber,這集有一百二十萬次觀看!讚,,,,
哲凱 葉,WeChat,我每天看都很好笑,,,,
delong ch,Kakaotalk,哈哈。最後面的麻糬最好笑啦,,,,
ken lin,Discord,偶像，希望有一天能看見姑丈！,,,,
Allen Lee,Discord,真的好笑，棒棒,,,,
林達人,Skype,讚感謝分享,,,,
Ryan,Snapchat,很有梗 快笑死,,,,
李偉嘉,Telegram,片尾旋律好聽！,,,,
Elise Liao,Microsoft Teams,超級無敵喜歡....D.L 無敵想要當頭號粉絲..請給我標籤..只有D.L的影片我捨不得快轉..資訊焦慮症的我..捨不得看完你的的影片..第一次入坑..讓我忍不住熬夜全看完。PS.能不能業配有優惠價..腦牛粉在廣告公司工作..好想和你們合作 ,,,,
feng,Blackberry Messenger,開心耶！笑的臉部線條都往上提。,,,,
TeeY,Brosix,13:55 看到下面那句 今天網路網路瞬間就用得夠多了XD,,,,
盧小小,Microsoft Teams,看了會笑死 都不知道你這麼好笑 哈哈哈哈,,,,
Tsai子琪,Skype,好懷念的 Rock 背景音樂 一聽就知道 向Ａ洽上身,,,,
蔡,Brosix,跟木曜四一樣值得看,,,,
Iij Kj,WeChat,大牛哥的影片真好看，影片好好笑。,,,,
楊嘉樺,Tencent QQ,楊嘉樺 • 1秒前開臺之漳泉漢人(華人)之後(kai-Dai-zi-Ziong-Zien(Zuan)-Han-Lin(Hua-Lin)-zi-Hou) 一千七百萬人以上之漢人(華人)(It-Tsien-Tsit-Biek-Van-Lin-i-siong-zi-Han-Lin(Hua-Lin))之漢語(華語)之俗語歌(Han-Ngu(Hua-Ngu)-zi-Siok-Ngu(Ngi)-Go(Gua))！ 去(ku)俗語詞(siok-ngu-si)臺語歌(台語歌)(Dai-ngi-gua)！,,,,
萱兒,Discord,太好笑了啦！,,,,
Yaling Lin,Kakaotalk,我真的要笑死了 ,,,,
黃餅乾,Skype,看到布袋戲館因為有其他行腳節目拍過就先去吃飯整個笑倒太太太真實啦!!!,,,,
丞賢戴,Microsoft Teams,這笑聲超過100分,,,,
NANCY HUANG,WhatsApp,這集好好笑,,,,
HUANG YAOYAO,Skype,哈哈哈哈哈哈哈！這集真的太好笑啦,,,,
Jessica,Brosix,大牛哥為什麼這麼容易被說服啦笑死,,,,
Chuan Huang,WhatsApp,姑丈太好笑了XDDDDDD好可愛~~,,,,
請勿拍打餵食,Skype,真的很好笑，必須訂閱,,,,
楊翔宇,Tencent QQ,真的覺得小編的笑聲好聊鬱小編笑聲會紅哈哈哈哈哈哈,,,,
小倆口的旅行生活,Snapchat,我不是牛粉。但看了忍不住來定閱按讚啦,,,,
xx X,Snapchat,跟一般的yt不同很好看只是要一點時間多跟一些yt合作拍影片,,,,
Albert Lee,Microsoft Teams,哈~  太好笑了!!!  好開心啊,,,,
郭胖虎,Snapchat,5:20 笑到肚子痛,,,,
Howard Hsu,Viber,天哪 羅時豐變的好年輕,,,,
tommy,Blackberry Messenger,真的會笑死 突然發現怎麼那麼好像的頻道,,,,
林老公馬,Line,怎麼那麼好笑,,,,
潘俊赫,Slack,真希望可以常常看到新的影片,,,,
nkboy1011,WeChat,超好笑的 親民！！,,,,
Jerry Huang,Line,笑聲很魔性,,,,
宏泰窗簾,Kakaotalk,路人推賤來看的真的很好笑,,,,
jhaoheng hu,WhatsApp,真的也太好笑了,,,,
Chun Chun,Messenger,笑聲笑太超過真的會覺很刺耳，姑丈本身滿好笑，笑聲真的不用那麼強烈,,,,
干你屁事Mei,Blackberry Messenger,這個也很好笑,,,,
翔龍霸天,Line,支持大牛哥啦！,,,,
Benson,WhatsApp,你想對【DL.不務正YA】說的話喜歡牛鞭客製化的老人圖，外加「魔性笑聲」！ #國民姑丈 #多一點時間陪伴家人 #我是牛粉我驕傲,,,,
劉東盛,Viber,每次都讓我從頭笑到尾，影片太短了啦！,,,,
黃amy,Slack,好好笑,,,,
H C,Discord,笑到快瘋掉,,,,
ndy a,Snapchat,阿牛哥身材不輸小伙子  頭遮住就男神了,,,,
,Discord,旁邊的到底笑爽沒害我跟著一直笑,,,,
chia,Tencent QQ,原來大牛哥這麼可愛抽我抽我#國民姑丈#多一點時間陪伴家人,,,,
恩,Brosix,沒笑點也被笑聲搞到快笑死,,,,
TANGSHENG JIN,Line,雲林古坑冰沙咖啡超級超級超級好喝!真的!,,,,
夜野涼,Line,真性情 好笑!!!早該這樣了,,,,
joey tseng,Snapchat,我快笑死了,,,,
Alex SU,Discord,好好笑,,,,
梅小超,Microsoft Teams,我覺得旁邊人的笑聲，是重點,,,,
Debby Chuang,Discord,笑死我了 你那個黃色笑話好好笑 而且好有梗 厲害！,,,,
龔琇宜,Tencent QQ,老公說羅時豐有開新頻道，我一直不以為意，我看了很多年的YT，我也沒有訂閱什麼頻道，平常隨緣看，昨天開始看姑丈的影片真的是很棒，欲罷不能，沒有想到這麽親民，姪子的笑真的很好呀，讓我一直笑出聲的頻道只有羅大哥的，感謝你們的團隊讓現在嚴峻的疫情日子，增添了很多趣味時光，感謝感恩！,,,,
周瑜,Blackberry Messenger,媽呀，救命我一直笑到流淚,,,,
流鼻水,Snapchat,真的太好笑了啦!!! 哈哈哈哈哈,,,,
哲凱 葉,Messenger,羅大哥你的影片很好看超級好看的影片,,,,
Ken Lin,Telegram,有夠好笑,,,,
廷廷,Slack,有夠好笑,,,,
阿侑 James요진,Slack,我雲林人，我驕傲，我抽獎#國民姑丈 #多一點時間陪伴家人 #我是牛粉我驕傲,,,,
海森來也,Line,被好吃到靠背笑死,,,,
Lin Casper,Messenger,怎麼那麼好笑啦！真的黑馬欸！,,,,
蔬妃,Brosix,哈哈哈笑著看完～～,,,,
黃平安,Microsoft Teams,看到常開黃標，笑到肚子痛,,,,
張家綸,Viber,笑到翻過去,,,,
詹宗毅,Line,做一年那裡好笑到靠北！！！,,,,
Sinney,WhatsApp,用大牛名號招搖撞騙中~笑死#國民姑丈 #多一點時間陪伴家人 #我是牛粉我驕傲,,,,
stinktofu,Skype,這笑聲太誇張了，喧賓奪主！,,,,
愛是如此,Brosix,太好笑，太晚知道羅大哥有開You tobe了,,,,
王小民,Messenger,大牛果然接地氣，賀甲嘎靠北，哈哈哈！,,,,
葉哲凱,Microsoft Teams,羅大哥的影片很好看,,,,
布丁奶茶,WeChat,真的很好笑 哈哈哈,,,,
TeChun Liang,Discord,侄子的魔性笑聲,,,,
Tsai子琪,Viber,終於有廠商贊助＄了  舊甘心誒,,,,
梁Kanny,Blackberry Messenger,這個笑聲超靠背的......哈哈！聽落揪爽ㄟ,,,,
王楷翔,Tencent QQ,超好笑的,,,,
Tsai子琪,Kakaotalk,現場拍現場輸出毛巾 太讚了,,,,
tina huang,Telegram,羅時豐好好笑,,,,
echo Lin,Brosix,毛巾館導覽小姐好正!!#國民姑丈 #多一點時間陪伴家人 #我是牛粉我驕傲,,,,
Joseph C,Blackberry Messenger,旁白笑聲真的很魔性。笑死,,,,
凱,Kakaotalk,九十九萬了，這支影片應該是第一個破百萬觀看的,,,,
Charles Chen,WhatsApp,超好笑的！,,,,
哲凱 葉,Viber,很笑的娛樂節目,,,,
皮爾斯,WhatsApp,有夠好笑,,,,
wendy lee,Blackberry Messenger,笑夠沒 我笑到路人以為我家水開了,,,,
Danny Qiu,Snapchat,沒有啦訂閱才兩萬是要收什麼錢還是收了XDDDD變成牛哥街訪美食了會不會被黃標啊,,,,
龍德,Blackberry Messenger,我昨晚就開始緬懷牛編了.因為沒了牛鞭,,,,
林惠珍,Discord,大牛哥好可愛,,,,
Kg Y,Line,攝影師笑聲好魔性,,,,
Odin Weng,Discord,早期毛巾應該還有給鄰居家來幫忙喪事，扛棺材什麼的，出錢出力，方便大家擦汗。,,,,
廖田馨,WeChat,快被黃腔笑死XDD,,,,
寶瑞斯borris,Line,真的笑到中邪,,,,
Jet Fan,WhatsApp,超好笑,,,,
謝小淯,Microsoft Teams,看了很歡樂,,,,
林大偉,Telegram,超好笑的,,,,
張睿宏,Blackberry Messenger,這個應該要紅才對,,,,
紫虎,Slack,太好笑啦XD,,,,
Tzujui Huang,Kakaotalk,太好看了羅時豐的YT,,,,
WH L,Slack,你街訪很強耶哈哈,,,,
跟我趴趴走,Blackberry Messenger,很有趣看了一季覺得笑聲都蓋掉人聲，開車時更無法聽清楚講話內容，建議那罐頭笑聲減少些或小聲一些,,,,
賴麗琦,WhatsApp,超好笑,,,,
CC Chen,Line,笑聲有超越台通,,,,
多多龍,Brosix,乾，真的是很好笑,,,,
林廷,Messenger,超級歡樂的頻道,,,,
caspar chiu,Telegram,太好笑了,,,,
Elis Lu,Telegram,姪子也太會講幹話了吧？！,,,,
黃書麒,Kakaotalk,雲林有你來推廣 真棒哦～（台風 潮流～好看,,,,
Xin-Yi Huang,Telegram,這後製跟旁白笑聲XDD,,,,
Cliff Lan,Line,破百萬點閱啦！！！,,,,
徐緯傑,Line,希望羅大哥能到 三義羅莊米食採訪,,,,
Yanxi Wu,Kakaotalk,一堆幹話，一臉正經講幹話，笑死了,,,,
小語,Microsoft Teams,太好笑了,,,,
jess chen,Blackberry Messenger,恭喜第一隻百萬點閱 ya,,,,
tonyline1061,WeChat,超級好笑,,,,
Muzhi Pang,Slack,背景笑聲太屌了！！哈哈哈,,,,
蘑菇頭,Blackberry Messenger,看到嘴角上揚了！用訂閱來回敬,,,,
Laura Luo,Telegram,跟kid組合應該會瘋狂,,,,
asun861,Line,喜歡大牛哥出外景,,,,
黃孟翔,Slack,很好笑捏,,,,
吳大偉,Telegram,這麼屌的頻道為啥才不到3萬訂閱啊？？,,,,
Kelly Fang,Discord,真的太親民了。,,,,
Liu Alice,Line,笑死了～5:22ㄧ片大草皮，那來的舞台,,,,
愛曉雪,Skype,樂包子，老闆超大器,,,,
Yu Lan,Kakaotalk,旁邊真人罐頭笑聲有點笑超過了,,,,
Rock Chang,Discord,真正的行腳節目,,,,
小新,Viber,超爆笑,,,,
Ramsey,WeChat,羅大哥優秀,,,,
胖咪的日常,Skype,我快笑死了,,,,
Hao,WeChat,靠杯 笑死哈哈哈哈,,,,
崮熊,Line,太好笑ㄌ,,,,
qqw0327,Slack,真的快笑死,,,,
甜檸檬,Tencent QQ,好好笑哦,,,,
鄭餅乾,Snapchat,台中大雅榕樹下肉圓很好吃老闆也很好笑希望能看到去那,,,,
Larry Liang,Skype,牛哥的頭髮真的很帥很適合,,,,
評論公正,Tencent QQ,怎麼會那麼好笑啦，暗林涼。,,,,
蔡怡芬,Snapchat,好好笑喔,,,,
黃依柔,Viber,最喜歡你的一首歌叫放抹落心，去KTV必點,,,,
黃婕駖,WhatsApp,我笑翻了～,,,,
酷愛爾LIFE,Microsoft Teams,靠北 從頭笑到尾~~,,,,
reyun liu,Line,笑死,,,,
魂斗羅,Viber,哈哈 幹炒死了 不能降一下音量嗎？ 是特笑幾秒按一次 好好聽 牛哥講話,,,,
Lungyu Lin,Tencent QQ,快被笑死,,,,
只是好玩,Line,被演算法帶過來了...笑死我了,,,,
justlinkuandme,Viber,包子店老闆好大方，下次要去捧場一下,,,,
MaLi隔壁,Viber,從頭笑到尾……,,,,
陳建良,Kakaotalk,好笑，但後製的笑聲有點困擾,,,,
Rita_國外第七年,Kakaotalk,應該說台語更有味道,,,,
臺灣五月信,Kakaotalk,太好笑,,,,
海草,Tencent QQ,老司機遇到老濕機,,,,
黄柏誠,Telegram,想請問可以秋這麼久的秘密是因為大牛比叫懶嗎?#國民姑丈 #多一點時間陪伴家人 #我是牛粉我驕傲,,,,
許飯糰,Blackberry Messenger,後製不錯～但是笑聲的音效太大聲了,,,,
吳宗穎,Messenger,太好笑了,,,,
許峰峰,Slack,羅帥哥，哪時候要來彰化的員林拍片,,,,
coiln5858,WeChat,快笑死了..XD,,,,
Kannka Hann,Blackberry Messenger,笑死,,,,
Choco 君,Discord,每次看館長玩恐怖game都變搞笑game ,,,,
犬夜叉,Messenger,我真的常常被館長笑到岔氣,,,,
不要忘记我之潼,Line,這個遊戲最近很火餒館長真的每一句話都是經典,,,,
Ian Yan,Viber,這影片剪輯的真優質，超好笑哈哈哈哈哈，感謝館長的歡樂與剪輯師的付出,,,,
肉肉,Brosix,12:44 鬆懈後又緊張的表情太經典了,,,,
Sheng guo,Kakaotalk,玩恐怖遊戲就喜歡看阿館那經典的表情(笑死,,,,
卓灏城,Blackberry Messenger,纯路人，第一次看，结果笑到不能自理去，前面还反差萌，像得到一个新玩具的小孩，我已经笑到不懂说什么了,,,,
外來物,Viber,館長每次玩遊戲，我都很開心，認真,,,,
水電,WhatsApp,從頭笑到尾，敬佩館長有勇氣玩這個遊戲,,,,
龍神の剣を喰らえ,Tencent QQ,看館長玩遊戲好療癒,,,,
莫拉克,Snapchat,看館長玩遊戲真的很好笑！不過這個遊戲也太恐怖了吧！,,,,
wuuuu.,Skype,真的覺得館長玩恐怖遊戲反應很可愛  哈哈哈哈 也很笑,,,,
野兔騎士,Discord,這個沒笑對不起自己XD,,,,
妘狘,Skype,阿館玩遊戲遊戲總是可以讓我笑到一個不行,,,,
gihung Chen,Blackberry Messenger,看阿館玩遊戲就是療愈～,,,,
練兩肢壯三肢的洨餅乾,Slack,真的很喜歡看阿館玩恐怖遊戲,,,,
把我放在你猩裡,Telegram,天啊，我快被笑死了哈哈，館長的膽量我真佩服，要是我早就不敢玩了,,,,
Sydney Li,Skype,手居然会被卡在里面我真的快笑到缺氧XD,,,,
吳傑利,Blackberry Messenger,阿館玩遊真的好看好笑！超喜歡的,,,,
ken light,Blackberry Messenger,每次看館長玩恐怖遊戲 都特別好笑,,,,
辰安小毛頭,WeChat,我快被館長笑死，好好的恐怖遊戲變得超好笑,,,,
劉大人,Microsoft Teams,阿館玩恐怖遊戲被鬼追真的是收視保證,,,,
樂樂,Telegram,看你的影片我真的會被笑死館長好好笑,,,,
Matt Daemon,Blackberry Messenger,馆长真的很好笑，开心,,,,
人類,Discord,每次看館長玩遊戲都會笑死欸,,,,
Kat did Ng,Slack,馆长介绍游戏太搞笑了！看了真想玩,,,,
蔡嘉霖,Brosix,館長玩遊戲怎麼那麼好笑,,,,
Eric Kuo,Microsoft Teams,逃命最後那個館長手都放下來結果看到Huggy在破門才發覺大事不妙的表情真好笑www,,,,
大蟒蛇,WhatsApp,手卡住是真的會笑死XD,,,,
區比視角,Kakaotalk,館長實在太可愛了,,,,
婕瑀 吳,Telegram,超喜歡看館長打遊係,,,,
BaiLi Lin,WhatsApp,每天都看一次 乾真的超好笑XD,,,,
鋪丁爹斯,Skype,看館長玩恐怖遊戲真的會笑到黑菇,,,,
希希哈哈,Kakaotalk,看館長玩都不恐怖了,,,,
風 喬,WeChat,啊館還用手推他試著反抗超好笑,,,,
lapfung ko,Skype,這個遊戲最近很火餒館長真的每一句話都是經典,,,,
雅雅,Kakaotalk,笑死，每次看到館長玩恐怖遊戲，我都被逗笑了,,,,
滿月,Discord,每次看館長玩遊戲都可以笑到併軌,,,,
Anthony Kuo,WhatsApp,手被夾住真的有夠好笑,,,,
T God uwu,Snapchat,馆长的表情有够经典XD，辛苦了,,,,
廖泊淳,WhatsApp,怎麼覺得館長可以把恐怖遊戲完成搞笑遊戲XD,,,,
Ruei An Chou,Telegram,路過點進來結果笑到岔氣，看別人玩都超恐怖，怎麼在這裡變很歡樂,,,,
Niner Hung,Messenger,可以把恐怖遊戲變成喜劇遊戲，唯獨館長了！已經10刷了,,,,
吳嘉晟,Telegram,不要激動 冷靜冷靜怎麼恐怖遊戲變歡樂了,,,,
烜烜,Microsoft Teams,我被館長逃跑那一段笑到沒氣，我說是9:00 -9:20 , 10:33 - 10:43, 11:20 , 12:29, 12:42
東把拔,Slack,我最愛看的就是館長玩遊戲，當初就是這樣認識館長的，哈哈,,,,
108c05 06曹心瑜,Blackberry Messenger,快就是緊 緊就是快快笑死我了真是有學問的一句話話說我也被那東西給嚇到了ww,,,,
yong han,WeChat,笑到肚子痛了,,,,
TiTi.ଳ,Discord,月事期間不要看館長玩恐怖遊戲，會血崩XDDDD,,,,
陳佳和,Viber,館長玩恐怖遊戲玩到我覺得不恐怖了,,,,
扭扭A,Tencent QQ,半夜看精華 真心要嚇死 ！！！,,,,
QWQ,Kakaotalk,笑到喘不過氣,,,,
Chris,Tencent QQ,最後那畫面真的嚇到阿館了 ,,,,
Em's W,Skype,手夾住笑死我了,,,,
黃珮淇,Line,看了好幾次還是好好笑,,,,
Jean Wu,Viber,抓抓也太可愛笑翻,,,,
劉 凱齡,Skype,館長，你冷靜，哈哈我被你笑到肚子痛,,,,
安妮亞,Snapchat,真的笑到快斷氣,,,,
夜楓yt [正在挑戰222訂閱],Brosix,太棒了 才看到開頭就笑死xd,,,,
澤青,Snapchat,這遊戲真的又恐怖又好笑,,,,
Rickie Thor Chen Wei,Tencent QQ,這個系列笑死我喜歡看這種類,,,,
宛庭ㄛ、,Snapchat,期待下一集,,,,
衛宮切嗣,WeChat,不管看幾次都很好笑,,,,
羡夜祝融,Tencent QQ,看了第四個YT玩這款遊戲，每個都想跟他擊掌,,,,
小龍,Kakaotalk,我真的笑到差點升仙,,,,
胖丁圖一樂,WhatsApp,乾這部怎麼這麼下飯啊  收藏起來之後吃飯沒東西看再回來,,,,
青青迷你黑鬼双鱼,Snapchat,还没开始，我就直接笑了要忍住！！！！！！,,,,
林美麗,Blackberry Messenger,館長玩恐怖遊戲都很好笑,,,,
Seth Nielsen,Snapchat,這遊戲超詭異噁心，但館長超大膽超搞笑,,,,
藍藍路LonaBlue⚡🐑,Skype,嚇到欲哭無淚大狂笑,,,,
Kami,Telegram,一個恐怖遊戲硬是變成搞笑遊戲,,,,
林羿翔,Kakaotalk,12:54那個鬼掉下去的姿勢快笑死,,,,
小林子,Brosix,期待第二集~,,,,
莠藍,WhatsApp,館長太可愛了(⁎⁍̴̛ᴗ⁍̴̛⁎),,,,
Rosso Mature,Line,館長是台灣之光，是台灣人就要支持館長。,,,,
真20高若綺,Messenger,這集館長超ㄎㄧㄤ的(≧▽≦),,,,
傳說菜怡,Messenger,笑聲很魔性,,,,
BIT AM,Snapchat,玩偶摔下去超好笑的,,,,
Peter Tien,WhatsApp,館長說的話都是我心裡想的。不用動嘴就能說話的感覺好好笑,,,,
芳芳Phoebe,Line,館長很適合播遊戲耶,,,,
��𝕝𝕝𝕖𝕟ღ,Snapchat,百看不厭欸好好笑,,,,
山本君先不要,Brosix,自带喜感就是我爱馆长的原因,,,,
FuYao,Tencent QQ,太好笑了,,,,
Joanne Yang,Discord,啊哈哈哈哈哈一直走錯罵髒話 好好笑,,,,
李祥瑋,Brosix,12分44那我差點笑死鬆了一口氣結果玩偶正在破門,,,,
lcw1953,Snapchat,是玩過一些驚悚恐怖遊戲...但比起民眾只是單純地發表一下下自身想法,就被東廠查水表的情況驚悚恐怖!,,,
欣 阿,Slack,一开始的抖抖抖就超爆笑了啦,,,,
萍,Microsoft Teams,好奇這一個一百多萬的觀看進來真的是從頭笑到尾太刺激了,,,,
青青迷你黑鬼双鱼,WhatsApp,太好笑了笑死了,,,,
小牛,Viber,恐怖遊戲最經典了不知道搖桿跟滑鼠每個月要壞幾個,,,,
多多,Brosix,看別人玩都覺得好緊張,,,,
Teh Esther,Blackberry Messenger,我没忍住(ㅇㅅㅇ❀)笑死我了（诶呦肚子疼）,,,,
可憐的荒野日常,Microsoft Teams,我用這部影片去玩8分音符還過了最難的關卡，謝謝你哦（？）,,,,
小鯨魚,Skype,被館長玩過的遊戲感覺都會變超靠北,,,,
一鴻王,Discord,如果怪物真的存在會被阿館捶爛吧,,,,
new peiru,Snapchat,我自己不敢玩就看馆长玩,,,,
草維,Microsoft Teams,怎麼這麼好笑啦,,,,
Yolo small world 21有肉男孩,WhatsApp,超好笑的,,,,
沈洛奇💙💛,Tencent QQ,看馆长玩这类游戏真的，,,,,
抹茶梓妍,WhatsApp,10:50 邊罵邊笑，快被笑死,,,,
Ulana Khomyuk,Slack,哈哈哈哈內心戲太多了吧XD笑死,,,,
我不是很厲害,Tencent QQ,12:44最好笑，以為已經安全了，雙手都離開了,,,,
☆YT巫鬼,Skype,剛跟朋友玩這個我一直亂叫,,,,
彩霞 侯,Brosix,每次有趕羚羊芭都很想笑XD,,,,
郭不點,WeChat,希望能多拍一點,,,,
nana lin,Discord,好好笑請問館長可以玩看看《停電》嗎這個遊戲還沒看到有人出QQ好想看〒_〒,,,,
Mob,Microsoft Teams,可惡被他發現有箱子，不然那邊怪是直接跳臉嚇人的,,,,
Ray Wen,Line,14:25  還是被嚇了一跳,,,,
宗妮娜,Viber,5:45小小年紀［所向無敵］神秘超能力,,,,
Taxi小黃,Slack,想看館長玩第二代,,,,
sam samuel,Viber,好緊張的精彩,,,,
炭筆,Messenger,館長真的很犒笑,,,,
好鳥 您甲,WeChat,阿館笑死我 XD,,,,
愛曉雪,Telegram,笑瘋，門關了 真的很機車，哈哈  阿館很想問一件事，滑鼠一個月換幾顆阿，,,,,
MaPle GD,WhatsApp,這片尾太經典了,一個釣魚耶XD,,,
��𝐴𝑅𝐴𝑇💎,Kakaotalk,我整個影片幾乎都在笑(((o(*ﾟ▽ﾟ*)o))),,,,
陳筠筠,Telegram,Huggy本来是女孩最喜欢的玩偶 可是女孩的父母觉得Huggy配不上女孩 就偷偷把Huggy丢掉 被丢掉的时候Huggy遇到了一个洋娃娃洋娃娃想改造Huggy 但是Huggy不愿意 他还想回女孩身边 想要女孩抱抱他 结果爬上窗户看到的却是女孩爸妈给女孩买了新玩具 是一个大熊Huggy伤心的掉了下去 同意了洋娃娃的改造 他想是不是自己变大了又能重回女孩的怀抱 Huggy进了工厂改造之后他成了会吃人的怪物 这天女孩到了工厂 他被又大嘴角带血的大Huggy追大Huggy想要女孩的抱抱但是女孩吓得一直跑 路上看到了一只小小的Huggy女孩很想念Huggy所以把他抱了起来 继续跑 跑到断掉的路的时候大Huggy掉下去了 女孩看着下坠的大Huggy想起了他就是自己以前最爱的娃娃 然后掉了眼泪 可是Huggy早已不是女孩曾经所熟识的Huggy了,,,,
Rose月玫,Blackberry Messenger,差點笑到掛急診,,,,
小次,Brosix,寶寶精華很讚,,,,
g g,Snapchat,好可愛️,,,,
yt老大2,Viber,12:47是經典,,,,
張奕馨,Discord,這好看，館長你真神   不跑路哈哈,,,,
詹清翔,Blackberry Messenger,阿館玩恐怖遊戲真的沒讓人失望過，哈哈 話說阿館玩的遊戲都是自己選的？還是網友推薦的呀,,,,
陳貞貞,Kakaotalk,手被門夾住那邊真的會笑死,,,,
地渺,Slack,最後一刻小機靈阿館,,,,
CT,Slack,14:25秒經典,,,,
TSUN MAI,Brosix,真的好想看館長玩心動文學社,,,,
sylvi3_Th3_Gh0st,Snapchat,9:01 笑了半天,,,,
劉祐汝,WhatsApp,看了第六個YT玩這款遊戲，每個都想跟他擊掌,,,,
楊元鎮,Skype,太好笑了,,,,
Zhenyou,Viber,這遊戲故事蠻悲慘的,,,,
徐震寰的日常頻道,Line,說好的恐怖遊戲呢被館長一玩直接變搞笑遊戲,,,,
Bn C,Tencent QQ,可怕又好笑,,,,
kate ta m,Tencent QQ,9:17 館長還用紅色小手手打了一下Huggy Wuggy,,,,
枪哥,Blackberry Messenger,好好笑,,,,
泗豪,Line,館長玩遊戲我都很開心，這個影片不笑對不起自己,,,,
BOY,Slack,7:44手夾住笑死,,,,
XG,Brosix,乾真的超好笑,,,,
N N,Messenger,館長好娛樂XD,,,,
文生,Snapchat,恐怖遊戲最好笑,,,,
Teck Leong Lau,Messenger,我一整句一直笑,,,,
愛上Twice一條魚,Snapchat,館長好可愛啊,,,,
啾咪,Slack,訂閱館長就是好選擇(´･ω･`)因為你會笑到沒氣,,,,
Kui LING,WhatsApp,追逐战那边馆长尖叫得我都要笑得断气了,,,,
民國派講政經[反共 保自由 護民主],WhatsApp,有時候館長莫名可愛,,,,
丁丁阿,Blackberry Messenger,09:17 館長雖然嚇尿 但還是試著推手反抗,,,,
William Chou,Kakaotalk,快笑翻了,,,,
郭不點,Slack,笑到我肚子痛,,,,
ike m,Slack,好好笑,,,,
Chang Chang,Blackberry Messenger,我想知道上次那個賣場的續集,,,,
Jinji,Kakaotalk,手被夾住那一part我快笑死,,,,
墨宇🌧️,Blackberry Messenger,沒忍住笑,,,,
若廷ya,WhatsApp,差點笑到往生,,,,
阿不就好Brown Brown,Tencent QQ,恐懼取決於你的火力不足,,,,
-£=爆上天-,Blackberry Messenger,館長玩很好喔？讚。,,,,
皮又秋,Line,館長，第二章出了喔～你應該知道該怎麼做了吧？～,,,,
江善得Sander Chiang,WhatsApp,有沒有下集!!,,,,
Zoey Chen,Blackberry Messenger,有夠好笑,,,,
Estelle ASMR,Viber,嚇死+笑死,,,,
YT演算法大師 一個在頻道穩定前會不斷改名的頻道主 聽說點訂閱的話能一生順遂無比,Slack,9:15 爆笑,,,,
无语 无语,Telegram,超爱馆长玩游戏der。。。。,,,,
Alan Walker is my idol,Microsoft Teams,笑到窒息,,,,
小MI,Messenger,好好笑喔,,,,
xiaopan,Blackberry Messenger,被手夾住了笑到躺在地板上,,,,
星.𐂂,Line,只要是馆长玩恐怖game直接变搞笑game,,,,
楓暖暖,Tencent QQ,完整版去哪看?,,,,
蔡蔡,Slack,我兩次被嚇到尖叫，笑死，這遊戲很可以欸,,,,
open and close,WhatsApp,看别人玩是恐怖游戏看馆长玩是搞笑游戏,,,,
インク猫ت,Line,請原諒我笑到飆淚wwww,,,,
湯圓,Microsoft Teams,我都看過很多別的主播拍 可是我還要看 ,,,,
兩儀弒,WhatsApp,幹～嚇死！這太刺激了啦,,,,
台灣之尺,Skype,我笑到快ㄎㄧˉ笑,,,,
周雨錡,Telegram,快被笑死！一直罵髒話,,,,
在下MiA,Brosix,館長真的超可愛的,,,,
Jack Kwo,Viber,我開頭就笑了,,,,
李好,Microsoft Teams,館長真的嚇到了,,,,
林家右,Slack,爆笑精華,,,,
PuU Jay,Slack,在人群中 館長的影片只需要開一格聲音就足夠了,,,,
JJ囝 - Tak Lee,Blackberry Messenger,抱歉,實在笑死我了,,,
Riko Kuo,Tencent QQ,別人玩是恐怖遊戲 館長玩是爆笑遊戲,,,,
沈昱帆 一帆風順,Brosix,館長哈哈哈哈，好好笑,,,,
玖是要騎車,Kakaotalk,手被門夾住哈哈哈哈，快笑死,,,,
CaiYin.,Microsoft Teams,笑死我了啦,,,,
gina li,Slack,笑死我了,,,,
八辣 黃,Discord,館長你要一直走上面用力,,,,
小兔甜糖♂,Blackberry Messenger,我隔著屏幕都被嚇到 哈哈哈,,,,
teresaresa resa,Skype,笑死我了,,,,
又好像回到从前了,WhatsApp,6:54 真的笑死，兩極反轉的概念◉‿◉,,,,
勇士魂,Tencent QQ,看到流眼淚是正常嗎？,,,,
八辣 黃,Blackberry Messenger,館長我是真的你很努力呀,,,,
伊夏,Line,最後超好笑,,,,
梁.小號,Messenger,超好笑的,,,,
Im blue,Slack,我因為狂笑進了醫院XD,,,,
酪梨avocado,Snapchat,館長好可愛,,,,
mantou,Slack,好好笑 XD,,,,
畫畫的狐狸,WeChat,笑出鵝聲鵝鵝鵝鵝鵝鵝鵝鵝鵝鵝,,,,
翔恩恩,Slack,好好笑阿！,,,,
Margaret winters,WhatsApp,超好笑,,,,
柏傑 黃,Snapchat,好可愛,,,,
Ycc,Viber,年紀到了  感覺快承受不住了  XDDD,,,,
白豬王子個屁,Viber,靠腰笑死人了啦(｡ŏ_ŏ),,,,
ω魂夢,Tencent QQ,笑死 手卡住,,,,
Oppo A31,Blackberry Messenger,太好笑了吧,,,,
火星上の橘貓,Viber,很恐怖的遊戲⋯但是看到館長叫就不恐怖了,,,,
洪雪玉,Discord,笑到快爆了,,,,
E_M:D,Messenger,差點笑到往生了wwww,,,,
黃筌瑋,Messenger,好好笑,,,,
奕柴イチャイ,Kakaotalk,我一直在笑,,,,
阿噗,Line,後面超好笑的,,,,
grizzy and the lemmings李昕,Line,阿館玩恐怖遊戲被鬼追真的是收視保證,,,,
張品世,Snapchat,超好笑啊,,,,
小可愛,Brosix,好好笑,,,,
傑伕,Tencent QQ,有夠好笑,,,,
劉明傑,Brosix,好好笑,,,,
雨芹 宋,Blackberry Messenger,超好笑的,,,,
張琪,Discord,好好笑,,,,
豪,WhatsApp,哈哈被館長笑瘋,,,,
Zhihong Zheng,Discord,擔心館長  陰影面積  笑死,,,,
Xansus Wanka,Line,其實他玩遊戲的樣子還蠻可愛的嘛。唉唷別老是罵粗口嘛。看你玩遊戲就蠻爽的。,,,,
LISA,Snapchat,笑死我,,,,
錒芯,Microsoft Teams,笑到肚子痛XXXXXD,,,,
蕿蕿,Blackberry Messenger,7:46 手居然被門夾住,,,,
RobloxElsa21 Mileyw0218,Snapchat,不好意思我忍住笑死哈哈哈哈哈哈哈哈哈哈哈,,,,
許豪豪,Tencent QQ,笑到蝦姑,,,,
Hong An Lin,Messenger,靠腰 被一開始出來嚇到,,,,
jing chua,Messenger,7:30分超好笑,,,,
無端正,Blackberry Messenger,快就是「緊」，「緊」就是七天,,,,
謝戎戎,Snapchat,下一集什麼時候出來,,,,
陳宣邑,Kakaotalk,笑到我心痛,,,,
小吉,Blackberry Messenger,玩到放棄人生,,,,
羿均 劉,WhatsApp,我是笑到肚子痛XD,,,,
ason E,Blackberry Messenger,幹，手被夾住超好笑,,,,
何t9112066,Slack,哈哈哈快笑死,,,,
つゆりカナヲ,Brosix,一直笑是正常的吧？！,,,,
泧,Snapchat,真的笑死~~~ ,,,,
Sky Liu,Skype,我笑到哭出來,,,,
Siew Ying Ang,Discord,最后差点没笑死,,,,
小小莫提斯的進化之路,WeChat,手被門夾住！！！騷操作啊,,,,
洪雪玉,Kakaotalk,好好笑喔,,,,
雨芹 宋,Snapchat,我快笑死了,,,,
duck duck,Microsoft Teams,吓死欸 同时也笑死,,,,
繪夢,WhatsApp,打BNT爆笑 還手整個抖 痛到w,,,,
黃瑜晟,Viber,館長可以去把箱子集中在出路口引他出來時他會Bug,,,,
廷,WeChat,OK囉這遊戲變搞笑了,,,,
George Wu,Brosix,哈哈館長的影片超好笑,,,,
Dil lon,Blackberry Messenger,館長對上泰臣也不會嚇成這樣XD,,,,
幽默yt,Kakaotalk,笑死我了！,,,,
點點、陳,Slack,笑了啦~~~~~圈粉,,,,
岑岑,WhatsApp,阿館人生已登出,,,,
朱元彬,Skype,我笑死哈哈哈,,,,
Chloe Chen,Tencent QQ,實驗品跑出來，館長沒包好尿布嚇尿,,,,
Mr_corn,Kakaotalk,7:45 手真的快笑死XDD,,,,
kenny wu,WhatsApp,笑死了啦ＸＤ,,,,
黃翊綸,WeChat,從頭笑到尾,,,,
大霉呂,Telegram,快就是緊 緊就是快,,,,
盧小葉,WeChat,館長有被虐傾向,,,,
微辣♡中辣♡想你辣,Viber,好好笑,,,,
柏珅 莊,Messenger,好好笑,,,,
一尾鱒魚,Line,夾手快笑死,,,,
淅子𝚌𝚊𝚗𝚍𝚊𝚌𝚎._♡,Discord,抱歉......我笑出來惹,,,,
Mo7,Microsoft Teams,差點笑到往生,,,,
™風い盈沁☂灰狐ℳ,Brosix,笑死XD,,,,
F̸u̸n̸n̸y̸ g̸i̸r̸l̸☺︎︎,WhatsApp,我笑到肚子痛,,,,
廷,Viber,實測了手機13多分鐘就能完成第一章,,,,
劉康奕,Slack,乾那個臉和撞門的喔干好好笑,,,,
FADE,Discord,好屌,,,,
A7文青好青年,Messenger,靠北！！！！我也被嚇到！！！,,,,
Niko,Telegram,差點笑死,,,,
Asuka,Skype,笑翻了哈哈,,,,
隱行者,WhatsApp,哈哈哈哈哈哈哈哈哈哈哈哈哈哈哈哈！館長真的是草俗辣型的啦！,,,,
賴彩綺,WhatsApp,6:30好可愛哈哈哈,,,,
許哲豪,Telegram,開頭笑死XD,,,,
悅月,Blackberry Messenger,笑死,,,,
李沁,WeChat,好厲害,,,,
_筱清-喵じ,WeChat,它有出第二章，官方也有出預告片，館長可以去看，後面的劇情跟那隻娃娃有關,,,,
你幹嘛GN,Snapchat,館長也可以去玩佛萊迪,,,,
Nick Ma,Brosix,笑死我了,,,,
��𝓃𝓃ت︎,Snapchat,不小心笑XDD,,,,
文蘭,Slack,哈哈笑死我了,,,,
林俊宏,Line,最後我笑了,,,,
沈昱帆 一帆風順,Blackberry Messenger,玩遊戲好好笑,,,,
謝小炮,Messenger,你罵髒話笑死我了哈哈哈哈哈哈哈笑死我了,,,,
陳健鋒,Brosix,你好勵害,,,,
Maosen Huang,Microsoft Teams,笑死了！哈哈哈哈哈,,,,
芳华幽夏,Slack,靠腰.......快笑死,,,,
陳宣邑,Slack,我要笑死了,,,,
紀宗漢,Line,阿館好好笑！！！,,,,
FeiFei Fly,Line,我真的會笑死,,,,
貓力帕:(,Brosix,笑到爆,,,,
皮老闆,Discord,影片開頭笑到並軌,,,,
憨憨多多,Brosix,館長我這個看十次了(〃'▽'〃),,,,
YT是不是都一堆腦殘.,Blackberry Messenger,快就是ㄍㄧㄣˋ ㄍㄧㄣˋ就是快,,,,
989 YHJLife,Snapchat,手手……手卡住了……手……手,,,,
朱健弘,Skype,好笑,,,,
廖偉超,Tencent QQ,老大你的心臟撐的下去嗎（架恐怖的娃娃追過來）,,,,
na yu,WeChat,牙齒尖的長得很可愛,,,,
一只派蒙,Kakaotalk,希望馆长可以玩dark deception,,,,
LEAVFT FF,Snapchat,好好笑...XD,,,,
YuzuChannel,Discord,被嚇到爛趴縮到腦了 XD,,,,
RimuruTempest,Brosix,他妈的一开始就差点笑死了,,,,
嗨你好,WhatsApp,11:25 快樂的開始,,,,
惡勢者,Discord,我已經Kobe笑死杯打,,,,
黃薏芬,Line,我覺得超好看。,,,,
郭秉睿,Line,我覺得滿可愛的,,,,
mono5477李冠廷,Slack,你在廣告裡面到黃黃的燈那邊都停那個怪物怪物來的時候他直接走過去然後你都沒收到傷害然後他就直接轉頭看看你邊往前走然後你走去前面你說到那個箱子上面,,,,
阿信的生活日記,WeChat,不是雙龍出海，是伸縮自如的~火箭炮,,,,
羽月_feather_moon—你禮貌嗎,Discord,我笑到起肖,,,,
羽生refo,Microsoft Teams,我快缺氧了XD,,,,
轩轩.,Skype,笑死哈哈哈(/≧▽≦)/~┴┴,,,,
林妙環,Messenger,館長,這個遊戲有第二張了，去玩玩看啊,,,
Circle Cheng,Discord,終於100萬～,,,,
王大任,Blackberry Messenger,館長不是自稱全台灣最大膽的人嗎？陳大膽,,,,
Chin Hua,Brosix,靠杯，嚇死我了，什麼鬼遊戲，都嚇到叫出來了，靠杯,,,,
徐偉惇,Tencent QQ,我很確定這不是效果,,,,
阿裎,Line,比糖豆人更刺激,,,,
Ry,Kakaotalk,這個可以來用忍笑大挑戰,,,,
泓毅 吳,Line,差點笑出心臟病,,,,
莫莫,Snapchat,快丟洗緊 緊丟洗快,,,,
五等分の花嫁∫∫,Skype,也太好笑,,,,
KATANA,Viber,這也太可怕了吧,,,,
瑩瑩,Brosix,對不起 我笑太大聲了！,,,,
5203楊閔仲小帳,Messenger,我快笑死,,,,
陳俊呈,WhatsApp,笑死 手還我,,,,
梅札蘭斯,Messenger,最後的剪輯是故意的吧 嚇鼠www,,,,
��海之霞龍, 在沖50粉,Tencent QQ,最後你放心,因為聽說怪物掉進深淵,就表示怪物死了,
林采霓,Blackberry Messenger,我快被嚇死了,,,,
安妮亞,Discord,9:32館長崩潰了 (/^▽^)/,,,,
蒼蠅,Microsoft Teams,聊天室最精采,,,,
fungjai227 fungjai227227,WeChat,不能吃着飯看XD會噴飯,,,,
大霉呂,Blackberry Messenger,5:44雙龍出海,,,,
appleworm huang,Telegram,笑翻，哈哈哈哈,,,,
陳振宇,Messenger,手被門夾住 我快笑死了讓我想到國民黨那個夾到手的,,,,
CaptainCATCAT,Slack,笑死我呢,,,,
mono5477李冠廷,Snapchat,我跟你講的好方法就是你把大箱子先牌的上面再把小箱子排在後面然後他等一下會關掉然後你自己問他過去然後你爸然後你跳跳跳跳上跳進去然後他都不會動了他就一直看然後你走到哪就看到哪而且在頭還會360度旋轉,,,,
曾暄配,Discord,看的好爽,,,,
Misha,Skype,開頭我以為阿館在淦桌子,,,,
Suni Su,Brosix,館長那個拉下來的盒子旁邊有門,,,,
OK,Tencent QQ,我真的笑死！hhhhh,,,,
路過的假面騎士,WeChat,快就是緊緊就是快ww,,,,
KCCHEN,Tencent QQ,恐怖遊戲硬生生被玩成搞笑遊戲,,,,
凱翔 顏,Line,舘長(怕怕)（搞笑)。,,,,
kh w,Line,这个游戏有vr的版本应该很好玩,,,,
Hou Chon Kou,Discord,笑死了,,,,
Sam,Kakaotalk,笑烂，馆长硬生生把恐怖游戏变成搞笑游戏Lol,,,,
Ryan Hiroto,Viber,笑死了,,,,
FCK牛哥,Tencent QQ,笑死了,,,,
阿偉:kdjdifls,Brosix,加油,,,,
sea ripples,Line,手被夾住的沒幾個，沒路要跳樓的也沒幾個,,,,
陳姵璇,Discord,館長你變的好可愛,,,,
青青迷你黑鬼双鱼,Skype,其实他是一个玩偶所以一个人把他变成很大的玩偶之后，他吃掉了其他人,,,,
冰徹實況,Telegram,快就是[緊]  [緊]就是快 w,,,,
陳柏安,Telegram,蠻可怕的 哈哈阿,,,,
牛逼,Brosix,9:19 經典死亡後動作,,,,
言午原頁-1228,Kakaotalk,10:44 封面阿馆被吓到的片段,,,,
張翰傑,Microsoft Teams,這個都會很刺激喔,,,,
俞惠慈,WeChat,（快）就是緊 （緊）就是快（哈哈哈哈哈哈哈哈哈哈哈哈哈,,,,
派派,Line,笑翻,,,,
合子,Discord,不多說，直接按讚~,,,,
ucia L,Discord,好可愛,,,,
Jack Y,Microsoft Teams,恐怖遊戲變爆笑遊戲,,,,
林彥,Brosix,用生命做直播XD,,,,
Lun,Messenger,最後再來一嚇唉唷 淦 XD,,,,
Xunzifeng,Brosix,太逊了.好笑,,,,
蔡小靖,Microsoft Teams,第二集會出字幕嗎~~？,,,,
好大雞排,Line,快就是緊 緊就是快,,,,
黃致綱,Telegram,手還我哈哈哈哈哈哈哈,,,,
3C07侯俊秀 HOU CHUN SAU JAX,Slack,看看後面 你知不知道這隻怪物叫做什麼 是藍毛怪,,,,
wu penny,Microsoft Teams,我一個人玩的時候被下到差點摔平板,,,,
小語,WeChat,笑翻,,,,
張瑞雲,Slack,貼著牆壁他不會吃你只會往後看,,,,
妹妹,Tencent QQ,箱子卡在門口他會飛起了,,,,
Nicole Ng,Skype,笑死我了，草,,,,
邱士育,WeChat,一定有嚇到噴尿才要去廁所洗臉，呵呵,,,,
茶奶,Messenger,請問館長都在哪裡直播,,,,
v121507646,Discord,直接在留言區笑到往生,,,,
小黑子,Slack,他只是想要一个朋友...,,,,
Regina little Angel,Snapchat,你給我死,,,,
時珮菁Alice._.,Telegram,把箱子放在他出去的門口，他就飛上去了,,,,
zume Mika,Kakaotalk,我會笑死,,,,
旻秀 黃,Line,你在抖音上很搞笑而且也很火,,,,
鬼島少年,Mattermost,cheap應該是個偏科的完美主義者，如果他做他覺得無聊的事，他可能是那種60分及格，或者不及格也沒差的人，但今天改成她很喜歡的主題時，他會盡可能發揮100分的表現。,,,,
Sky,Microsoft Teams,他最強的是可以把枯燥無趣的事講到讓大家想繼續聽下去。,,,,
Dogzilla,Brosix,最早是看cheap打世紀帝國只有幾萬訂閱 之後用世紀帝國講歷史 到現在一步步成長起來好感動,,,,
河裡的魚,Slack,cheap好歹也算世紀帝國圈2000+ 的好手 雖然那時候圈子小 講解比賽已經很有一番風味了 很開心剛好找到適合他的一條路 站上走鐘獎相信對他是很大的肯定!!,,,,
胡偉祥,Snapchat,中文圈最頂級的歷史課外學習頻道，沒有之一,,,,
Vic Chien,Discord,做自己喜歡做的事才重要，即使不會成為“千萬網紅“,,,,
納豆林,WeChat,"當一個人的年收只是數字的時候，還會讓自己振奮的事只能是 ""成就"" 了。我賭播主不會那麼容易收手，就算不拍片了，也會投入全部精力做別的嗜好。",,,,
米奇謝,Ryver,Cheap可以成功最重要的地方是他會正視自己不好的地方從他直播開始到現在他連講話方式都有改變,,,,
地痞地痞,WeChat,Cheap的頻道製圖精美,,,,
Jay,Discord,狼性是台灣人最缺的，佩服他敢自我突破，從弱勢的勞工變成強勢的老闆,,,,
吳幽境,Tencent QQ,Cheap的歷史故事就是他一定有消化過很多資訊才整合出來的，所以一般觀眾很好吸收，就算只是看看而已也會覺得是有趣的東西，他的成功是因為他想要更好，而不是好而已。,,,,
SM RELAX-放鬆音樂 !,KIK,不要跟別人比較，只要今天的自己比昨天進步就好，人比人氣死人，對的起自己對得起家人，一個人一輩子賺多少花多少都有註定，把握當下不要浪費自己的時間，努力的去過好每一天，認真的完成每一件事，問心無愧就好了https://www.youtube.com/watch?v=M3Gk2kdWm3o,,,,
pineapple WU,Microsoft Teams,如果只是做一名小小的美工或插畫真的無法出人頭地,,,,
浦木宏,Fleep,沒有一天懈怠才是這頻道成功的地方,,,,
雷安,WeChat,從機車路權認識到cheap 真的很讚 他的影片都好認真講解,,,,
Pengpan,Snapchat,這個故事告訴教育部，一大部份的學生真的知道自己要什麼？ 大部份人都是照著分數填，高職真的要這麼高分？ 是不是應該更多高職退場多一點高中做一個較完善的學科探索？ 而真的不讀書的學生可以選到公立高職認知產業的東西，盡快進入職場。,,,,
吳佳鴻,Kakaotalk,真的講的很好請那些臺大或學業界有名人士寫的文案 也許在研究方面更有考察性 但一般人怎麼會有那時間吸收餒??甚至也不需要…,,,,
阿寶,Blackberry Messenger,以前看他看到現在 好感動ㄛ,,,,
何錦昌,Kakaotalk,想當年我是因為世紀帝國才追蹤cheap 我只能說他轉型的很成功 至少我對歷史沒什麼興趣但還是有辦法在吃飯想看影片的時候第一個想到他的影片,,,,
Debby Lin,Flock,好喜歡Cheap說的歷史故事！每集都看！,,,,
Little Red,Kakaotalk,他?的真的很不?，?种知??集整理的能力，很多科研人?也未必有他好。,,,,
郭峻豪,Kakaotalk,努力的天才最可怕....Cheap完美展示了這點...,,,,
曾小寧,Skype,我國小的女兒超愛看你的頻道的。很容易了解歷史,,,,
Md Chiu,Fleep,cheap講歷史故事真的簡單又有趣 不過交通議題還是交給其他頻道吧..,,,,
胡永信,Viber,少數連業配影片都好看的創作者之一,,,,
廖祺家,Troop,他講出的歷史觀系列作真的非常動聽又非常好理解～,,,,
莊秉鑫,Brosix,他的努力 我們都看見了,,,,
Kai Lin,Telegram,覺得Cheap影片蠻有趣的，但沒想到業配居然可以接到一千萬，他的影片應該是屬於時間成本超高，金錢成本沒那麼高的，一千萬扣掉製作成本應該過得很不錯,,,,
詹姆士,Discord,我從世紀帝國那邊就開始看了，有時候觀眾緣跟有親切感的聲音 聲線 這些真的學不來。,,,,
鍵盤羅賓翰,Slack,我從世紀帝國開始看當時還很容易跟觀眾吵架,,,,
『 白金 』晝梟,Messenger,我也很愛歷史，還有參與很多其他的東西的結合，束成一個多樣化素材,,,,
??,Flock,能從高職重考到東吳日文也是不簡單欸,,,,
張園田,Troop,我一開始是看世紀帝國解說的後面就變講歷史的百萬網紅了,,,,
吸音娜,Chanty,可以讓觀眾把整個影片看到完就表示影片成功了 。,,,,
Jonathan Liu,Line,我覺得趣噗有很多學校值得學習的,,,,
Es Huang,Snapchat,看採訪的對談態度，即便完全不知道內容，也可以知道是某領域的成功人士。,,,,
A伯伯高科技黑手 Albert Yang,Troop,找到自己的專長 盡情發揮,,,,
Max J,Fleep,我把他頻道介紹給別人時，我都很強調，這個年輕人，真的是個博覽群書，且深入研究知識的人！我把他頻道介紹給別人時，我都很強調，這個年輕人，真的是個博覽群書，且深入研究知識的人！,,,,
Nolan,Skype,感覺可以做一個一小時的採訪特輯，9分鐘不到確實有點短QQ,,,,
Eason Li,Skype,我不知道現在的松山家商好不好考，以我現在40多歲當初讀新北市國中來說，松山家商需要在全班前十名才能考上，但我聯考去懷生國中考試卻發現學校榜單有一半是考上公立高中，這真的很可怕，所以松山家商在台北市的學校是中下的但在其他地區不一定是中下的,,,,
